item,cnt
aids,9
expert,5
warn,4
against,8
complacency,2
professor,3
claim,8
number,12
of,406
people,43
with,111
disease,3
be,655
on,153
the,1009
increase,5
government,18
spending,3
cut,8
in,311
fight,4
and,389
over,25
risk,6
to,424
general,7
public,13
could,15
make,23
an,61
epidemic,3
among,5
heterosexual,4
more,28
likely,7
a,342
leading,1
yesterday,26
nicholas,3
day,31
author,1
unpublished,1
health,34
laboratory,1
service,33
report,10
spread,2
which,59
have,192
expect,11
revise,1
official,4
prediction,1
victim,7
downwards,1
but,60
he,138
give,29
rare,5
interview,2
stress,7
belief,1
that,89
grossly,1
misrepresent,1
infect,2
heterosexually,2
substantial,1
growing,1
speak,2
radio,6
programme,6
secretary,5
virginia,4
bottomley,6
defend,1
say,108
campaign,7
should,15
now,18
aim,3
at,121
group,15
most,15
rather,5
than,20
wide,4
population,2
head,7
institute,5
cambridge,2
university,6
i,84
think,17
it,134
would,35
disaster,2
if,24
decide,3
not,69
realistic,1
prospect,2
for,153
future,5
they,133
act,6
accordingly,1
just,19
such,7
occur,2
prof,2
question,5
hidden,1
agenda,1
newspaper,3
suggest,2
indicate,2
threat,3
message,1
totally,1
irresponsible,1
some,24
call,8
acceptance,1
homosexual,1
drug,3
user,2
only,10
face,12
real,3
get,20
true,5
this,33
country,13
minimal,1
mrs,9
quite,3
right,11
remain,1
very,15
serious,5
add,7
new,37
statistics,5
possible,4
frame,1
policy,5
accord,3
fact,7
fantasy,1
time,23
when,37
there,30
ignorance,1
about,43
she,47
help,24
britain,9
keep,11
level,3
sixth,1
those,13
france,3
third,2
italy,1
's,82
move,13
target,3
county,14
seek,3
entrant,2
environment,4
scheme,9
essex,44
council,22
look,13
1993,1
amenity,1
society,9
award,5
encouraging,1
local,10
carry,6
out,27
project,8
relate,2
environmental,3
issue,4
winner,3
last,24
include,15
roman,4
saltwork,1
history,6
wivenhoe,1
conservation,3
harlow,2
five,7
category,3
write,4
illustrate,1
practical,2
physical,1
natural,2
historic,6
building,7
area,20
school,15
organiser,4
dawn,2
whitton,1
entry,1
can,27
written,1
or,39
publication,3
tidy,1
up,23
landscape,2
study,3
species,2
wildlife,4
repair,3
enhance,1
development,1
put,15
tremendous,1
effort,3
into,26
past,12
we,40
always,5
see,16
high,16
standard,1
work,38
each,5
£200,1
two,41
other,25
will,85
highly,3
commend,1
far,7
detail,4
application,3
form,5
available,6
from,86
planning,2
department,7
hall,3
chelmsford,11
0245,4
492211,1
extension,2
51671,1
prop,2
resort,3
musical,2
theatre,2
together,6
main,9
summertime,1
show,23
appeal,5
find,23
vital,4
item,3
felixstowe,3
amateur,1
dramatic,3
operatic,1
stage,5
popular,3
annie,2
spa,2
pavilion,1
june,4
16–19,1
backstage,1
staff,8
assemble,1
build,8
set,16
1930s-style,1
upright,1
wheelchair,5
male,2
ventriloquist,1
dummy,1
anyone,7
who,53
either,4
lend,2
fado,1
production,6
ask,6
contact,6
producer,2
bob,2
davies,1
283133,1
take,38
lead,9
part,13
11-year-old,1
zoe,1
jones,1
laura,1
cheadle,1
both,2
as,80
understudy,1
orphan,1
play,7
by,90
liz,1
stephenson,1
lucy,1
mitchell,2
faye,1
dyke,1
jo,1
lewis,1
brie,1
harrison,1
fados,1
member,13
enjoy,1
busy,1
year,46
present,7
regular,1
wednesday,3
summer,2
variety,3
comedy-drama,1
arsenic,1
old,12
lace,1
october,1
revue,1
happy,2
here,7
again,9
november,1
villager,8
age-old,1
tradition,5
alive,1
rediscover,1
outer,1
limit,2
parish,4
re-enact,1
centuries-old,1
custom,3
beat,8
bound,5
ceremony,2
associate,1
rogation,2
sunday,30
fifth,3
after,42
easter,1
church,6
also,33
hold,5
open-air,1
bless,1
newly,1
sow,2
crop,1
however,13
origin,1
practice,1
pre-date,1
christianity,1
early,15
pagan,1
fertility,1
rite,1
adapt,1
century,2
willow,3
branch,6
explain,5
traditional,1
use,15
tree,4
note,7
vigorous,2
growth,3
line,8
boundary,5
serve,3
purpose,3
before,13
map,1
remind,2
where,16
common,4
land,6
within,3
actually,4
lie,4
today,9
participation,2
event,6
encourage,4
open,16
space,2
1865,1
preservation,4
hampstead,1
heath,2
nationally,3
protection,1
commons,6
village,4
green,8
footpath,2
great,7
tey,4
neighbouring,1
chappel,5
team,4
14-mile,1
walk,9
around,7
route,3
child,29
party,4
bump,2
another,16
echo,1
original,1
idea,2
pass,1
information,7
generation,2
so,20
traditionally,1
important,5
spokeswoman,5
stone,1
landmark,1
wand,1
sometimes,1
adult,6
gently,1
ground,3
imprint,1
knowledge,4
memory,2
"8,675",1
"3,865",1
england,4
wales,6
mainly,3
remnant,1
medieval,2
manorial,1
system,1
division,4
openness,1
feature,4
archaeology,1
value,5
informal,1
recreation,1
ancient,3
land/,1
all,34
too,9
often,8
margin,1
subject,5
encroachment,2
no,19
action,10
frequently,1
result,10
loss,1
discourage,1
unlawful,1
works,2
thus,1
contribute,1
safeguarding,1
these,10
piece,3
know,20
tory,8
confident,4
minister,10
rally,2
back,23
major,11
clutch,1
cabinet,2
behind,3
prime,6
hope,5
calm,1
atmosphere,1
economic,5
start,16
effect,4
president,3
board,2
trade,3
michael,3
heseltine,1
deny,2
mp,6
leader,2
long,6
nerve,1
pursue,2
come,22
through,8
slight,1
doubt,6
what,17
go,34
happen,4
home,20
kenneth,1
clarke,1
mr,39
sure,4
retain,1
leadership,1
many,24
process,4
emerge,1
difficulty,7
launch,2
follow-up,1
operation,7
fight-back,1
speech,3
scottish,2
edinburgh,3
friday,8
must,10
seriously,3
touch,3
ordinary,1
hear,7
lot,5
ten,4
tell,12
meeting,1
st,11
john,4
college,1
nonetheless,1
authority,11
need,19
share,3
problem,19
whose,4
grace,1
exercise,2
ourselves,1
person,10
shoe,1
south-west,1
surrey,1
constituency,1
first,19
hand,7
story,11
personal,3
anguish,1
crisis,4
despair,1
hard,7
misery,2
unemployment,3
repossession,1
stark,1
page,2
surprise,5
turn,2
protest,6
temptation,1
ballot,1
box,4
invite,2
plan,12
swift,1
listening,2
counter,1
demoralising,1
newbury,1
election,5
may,22
6,1
business,8
manager,4
sounding,1
nation-wide,1
how,13
receive,3
conservative,2
rank-and-file,1
worker,7
alike,1
throughout,3
four,16
charge,19
pub,5
violence,3
man,37
due,5
appear,15
court,6
mildenhall,1
incident,10
haverhill,2
leave,14
hospital,20
treatment,7
london,16
affray,1
criminal,2
damage,3
possession,2
offensive,2
weapon,2
night,12
bull,1
camps,1
road,16
threaten,4
behaviour,2
condition,4
injure,6
museum,10
young,14
visitor,8
colchester,16
castle,4
during,8
half-term,1
holiday,1
chance,4
dirty,1
talk,2
cave,1
even,11
answer,1
one,34
exhibit,1
monday,2
31,2
tuesday,2
1,1
pottery,1
workshop,4
able,9
genuine,2
technique,2
design,4
own,12
ante-fix,2
you,25
along,4
following,5
flint,1
knapper,1
craft,2
tool,2
prehistoric,1
display,17
4,2
5,1
spit,1
image-style,1
puppet,1
bulbus,1
ludicrus,1
legionary,1
residence,1
life,18
authentic,1
insight,1
town,8
activity,2
place,12
between,8
11am,2
4pm,1
10am,1
5pm,3
saturday,7
2pm,1
recovery,5
tax,3
payment,2
snag,1
braintree,12
district,4
treasurer,1
bernie,1
gaught,5
councillor,1
inevitable,1
already,9
collect,2
"£353,000",1
cash,6
plus,2
"£856,000",1
direct,2
debit,1
valuation,2
house,20
various,1
banding,1
discontent,1
because,9
scope,1
possibly,1
narrow,1
end,9
spectrum,1
foresee,1
joint,1
liability,2
second,7
multiple,3
occupation,1
apart,2
procedure,3
contention,1
certainly,3
discount,1
apply,4
student,8
carer,1
affect,7
try,5
ensure,3
disabled,3
rightful,1
reduction,3
transitional,1
bill,6
much,8
previous,2
community,6
glance,1
simple,1
until,12
customer,5
encounter,1
calculation,1
mentally-ill,1
centre,15
unite,1
trust,14
chief,4
merger,6
bid,4
consultation,2
merge,3
mental,6
mid,8
nhs,5
few,4
remaining,1
still,19
answerable,1
directly,2
status,3
support,10
watchdog,2
body,2
keen,2
any,8
involve,6
locally-based,1
pressure,4
instead,3
counterpart,1
north-east,1
authority-run,1
criticise,1
opponent,1
reform,3
obtain,3
door,1
autumn,2
allow,2
exceptional,1
circumstance,1
later,7
guideline,1
under,7
proposal,2
three-month,1
period,4
run,8
august,2
17,5
then,13
approve,1
dissolve,1
march,7
next,13
replace,3
embrace,1
funding,1
contract,2
gp,1
although,9
technically,1
responsible,4
north,7
manage,3
basis,1
copy,2
document,1
send,3
organisation,2
individual,1
inspection,1
library,3
comment,3
address,5
east,14
thames,2
regional,3
40,5
eastbourne,1
terrace,1
w2,1
3qr,1
lazy,1
afternoon,2
simon,1
curtis,1
16,4
relax,1
beside,1
river,4
blackwater,1
kelvedon,1
dam-buster,1
',8
dead,4
recalled,1
bonn,1
resident,2
germany,1
small,4
western,3
city,4
arnsberg,2
commemorate,1
"1,400",2
drown,1
50,5
ago,7
british,5
bouncing,1
bomb,1
smash,1
moehne,1
dam,2
silent,1
citizen,1
mass,1
grave,1
die,5
flood,2
release,8
destruction,1
including,7
750,1
prisoner-of-war,1
russia,1
ukraine,1
poland,1
belgium,1
netherlands,1
press,7
statement,2
conman,1
clock,3
elderly,3
woman,29
electricity,1
trick,1
way,13
steal,9
antique,3
carriage,3
jewellery,2
police,31
reveal,2
3.30pm,1
pair,1
danbury,1
check,3
meter,1
detective,3
constable,3
peter,2
phillips,2
round,3
point,6
while,9
stay,3
kitchen,1
hallway,1
miss,1
det,1
con,1
stolen,1
worth,5
confused,1
callous,1
thing,6
do,37
prey,3
vulnerable,1
age,3
white,4
5ft,1
6in,1
slim,1
short,5
dark,2
brown,3
hair,2
clean,4
shaven,1
wear,1
navy,2
zip-up,1
jacket,1
6ft,1
well,11
slightly,1
longer,3
phone,5
491212,1
guide,5
fun,1
bring,5
shark,1
tiger,1
egyptian,1
mummy,1
provided,1
tourism,1
edition,2
visit,8
family,13
region,4
choose,3
destination,1
inclusion,1
mobility,1
whether,3
confine,2
pram,1
pushchair,1
follow,13
research,2
physically,1
handicapped,2
association,3
attraction,4
grade,1
accessibility,1
late,12
sealife,1
southend,2
underwater,1
tunnel,1
view,5
sea,7
creatures,1
month,9
join,5
zoo,1
clacton,3
pier,1
audley,1
16-page,1
full,4
colour,1
free,6
tourist,1
cm1,1
1gg,1
tel,1
283400,1
princess,9
hospice,11
officially,2
£2.5,3
million,7
suffolk,10
july,3
bury,6
edmunds,3
sudbury,4
special,8
engagement,1
lady,5
miriam,5
hubbard,2
chairman,4
delighted,1
agree,4
unit,16
patient,3
forward,1
everybody,1
love,1
supportive,1
meet,2
helicopter,1
down,10
yard,2
picturesque,1
hardwick,1
27,3
three-year-old,1
granddaughter,1
franchesca,1
posy,1
flower,3
arrive,6
unveil,2
plaque,1
mark,3
opening,7
describe,3
addition,3
care,7
facility,1
offer,6
ten-bed,1
in-patient,2
counselling,5
former,4
westgate,1
street,6
fully,1
since,6
fund,4
1991,3
diana,3
believe,19
attend,2
conference,2
organise,6
matthew,1
patron,1
charity,3
provide,4
accommodation,2
homeless,1
save,3
planet,2
across,7
reader,3
battle,6
week,17
basildon,4
saffron,1
walden,1
thurrock,2
stock,3
leaflet,2
earth,2
begin,2
money,8
someone,4
waste,2
energy,3
example,1
light,2
boil,3
kettle,1
water,21
cup,1
tea,2
pay,10
halifax,1
barnardos,1
initiative,1
property,2
council-owned,1
saving,2
environmentally,1
friendly,1
material,2
setback,1
figure,11
slow,2
euphoria,1
surround,1
performance,1
economy,2
recent,4
burst,1
forecast,2
climb,3
recession,4
factory,3
sales,4
sober,1
picture,4
buoyant,1
indicator,2
economist,2
suspiciously,1
strong,5
unbelievably,1
unlikely,1
sustain,1
shepperd,1
merchant,1
bank,3
sg,2
warburg,1
gentle,1
sort,3
boom,3
pundit,3
unanimous,1
string,1
upturn,2
greet,3
caution,1
consensus,1
reality,1
reassert,1
themselves,10
rise,3
weak,3
retail,2
industrial,4
jobless,1
"15,000",1
april,2
unexpected,1
decline,4
volume,1
off,14
strongly,1
quarter,1
measure,2
manufacturing,2
output,2
tip,1
fall,8
sharply,1
sharp,1
drop,4
oil,1
gas,1
warburgs,1
0.5,1
per,5
cent,4
renew,2
chancellor,4
norman,2
lamont,9
consider,4
interest,6
rate,2
derail,1
extremely,1
bad,4
half-century,1
farmer,8
best,2
50th,1
anniversary,1
leighs,2
showground,1
every,2
aspect,1
world,8
agriculture,1
big,4
good,16
yet,5
competition,6
continue,5
farming,1
countryside,5
theme,1
popularise,1
consist,1
club,5
represent,3
arena,2
boast,1
heavy,6
horse,3
shire,2
punch,3
sheepdog,2
demonstration,2
falconry,1
vintage,2
machinery,3
tug-of-war,2
axeman,1
lawnmower,1
race,2
traction,1
engine,4
dog,1
dancing,1
least,4
gundog,1
100,2
stand,6
vast,3
sophisticated,1
hi-tech,1
agricultural,1
bang,1
up-to-date,1
tractor,3
alongside,1
diminutive,1
pre-war,1
vehicle,6
creature,1
comfort,1
modern,2
cab,1
startling,1
contrast,1
metal,1
seat,4
open-to-the-element,1
driving,1
position,1
1930,1
machine,3
farm,6
1938,1
fordson,1
post-war,1
fmps,2
20,2
static,3
drive,6
pump,2
mill,2
generator,1
jeffrey,1
giblin,1
livestock,3
breed,4
star,2
litter,1
belong,1
tom,1
pitt,1
andrew,4
gemmell,2
grow,1
popularity,2
hobby,1
highland,1
longhorn,1
sussex,1
dexter,1
cattle,2
sheep,3
cross,3
prove,3
hardy,1
normal,4
animal,3
wensleydale,1
jacob,1
manx,1
shear,1
milking,1
close,2
docile,1
christine,1
michaeledes,1
rocky,1
watch,2
trial,1
brian,2
bourn,1
above,3
little,3
baddow,1
1924,1
firequeen,1
burrell,1
steamroller,1
stiff,1
jessica,1
gather,1
pace,1
pony,1
relay,1
michelle,1
buntins,1
strain,1
thaxted,1
step,2
derek,1
murfitt,1
ring,1
fenland,1
jake,1
everest,3
ascent,3
mountain,1
adventurer,1
rebecca,1
stephens,1
final,9
reach,3
top,2
31-year-old,1
journalist,2
attempt,3
complete,2
tall,1
peak,2
abort,1
weather,2
lesley,1
springall,1
dhl,1
expedition,1
climber,1
gear,1
"3,000ft",1
away,7
"29,000ft",1
news,10
record-breaker,2
harry,3
taylor,3
33,1
return,5
become,18
briton,1
summit,1
nepalese,1
side,1
without,8
aid,4
oxygen,1
sas,2
officer,10
oxfordshire,1
suffer,5
exhaustion,1
snow,2
blindness,2
frostbite,1
force,11
spend,5
three,15
"23,000",1
foot,2
initial,1
heathrow,1
girlfriend,1
veruschka,1
hoffman,1
bird,6
flying,2
exhibition,1
cressing,1
temple,1
husband,3
wife,6
terry,2
jill,2
garrard,3
hawk,1
owl,2
falcon,1
onlooker,1
habitat,1
falconer,1
control,3
flight,1
job,12
feather,1
perfect,2
magnificent,1
emphasise,1
hoot,1
european,2
eagle,1
armed,4
raid,6
imitation,2
firearm,3
discover,1
sanderson,1
mews,1
undertake,1
arrest,6
shot,2
fire,5
nature,2
inquiry,8
weekend,6
spokesman,5
confirm,2
recover,3
bail,2
pending,1
£2m,1
forged,3
discovery,2
£2,1
million-worth,1
£50,1
south,2
crime,1
squad,4
garage,1
seize,3
equipment,3
insert,1
foil,2
strip,1
islington,1
hackney,1
connection,4
national,4
intelligence,1
highbury,1
corner,1
magistrate,3
conspiracy,1
contravene,1
forgery,1
counterfeit,1
scotland,4
impressive,2
wall,3
tower,1
framlingham,2
setting,1
entertaining,1
version,2
shakespeare,1
henry,1
v,1
odd,2
sock,2
clown,1
perform,2
shortened,1
minute,1
enact,1
tale,1
base,5
agincourt,1
1415,1
introduce,4
15-strong,1
cast,1
elizabethan,1
actor,3
lose,6
12,4
en,1
consequently,1
enjoyable,1
rely,1
heavily,1
voluntary,1
audience,1
scene,2
pull,3
cart,2
juggle,1
tumble,1
let,3
mock,1
cannon,1
english,7
heritage,3
entertainment,2
proceed,2
towards,2
restoration,1
ready,2
advice,4
0245–283030,1
women-only,1
training,3
option,4
change,14
cover,3
confidence,7
skill,9
assessment,1
search,2
enterprise,1
agency,1
0206–48833,1
course,11
rivers,1
healthcare,2
0206–834641,1
assertiveness,1
yourself,2
0206–761660,1
250,1
part-time,2
accreditation,1
prior,1
learning,2
whereby,1
experience,2
accredit,1
qualification,2
0206–873387,1
anglia,4
polytechnic,1
0245–493131,1
greyfriars,2
education,9
0206–42242,1
guidance,1
creche,1
600,1
career,5
0206,2
575618,1
tanker,2
refit,2
sir,5
indebted,1
swindin,1
lucid,1
article,1
10,1
recently,3
apparently,4
similar,1
crew,2
huge,4
somewhere,1
sail,4
hither,1
tither,1
wonder,2
communication,1
landlubber,1
remote,2
compass,1
sextant,1
attribute,1
navigational,1
tub,1
establishment,1
foolish,1
embark,1
upon,1
same,1
kind,4
voyage.j,1
howard,1
glendale,1
upper,1
witnesham,1
driver,8
blame,1
accident,6
quarry,3
death,3
prosecution,1
safety,3
prosecute,1
near,11
ipswich,4
47-year-old,1
17-ton,1
loading,1
shovel,2
redland,1
aggregate,1
site,3
barham,1
daniel,1
doncaster,3
47,1
ardleigh,1
brunswick,3
executive,2
investigate,3
case,5
reverse,1
power,2
blind,1
spot,1
hm,1
principal,1
inspector,3
hse,1
inappropriate,1
legal,5
regard,1
fatal,2
investigation,2
trucker,1
martinson,4
hatfield,2
44,1
burn,3
boiling,1
bitumen,1
dump,2
deem,1
faulty,1
empty,1
truck,2
splash,1
cause,2
severe,1
dress,1
consultant,2
impressed,1
speed,4
arm,5
especially,2
grateful,1
medical,2
mean,4
skin,4
graft,2
deep,2
treat,6
knee,1
though,2
heal,4
joust,2
raise,5
jousting,2
garden,7
school.pupils,1
parent,9
jame,2
middle,2
entertain,2
international,4
saturday.headteacher,1
thackray,2
itself,1
way.he,1
whole,3
range,4
stall,2
game,2
pupil,2
200,2
said.mr,1
"£2,000",2
construct,1
grounds.the,1
rest,1
boost,3
professional,2
jouster,1
clash,1
keith,7
mindham,1
tinker,3
br,3
train,6
railway,10
name,4
lovejoy,3
dill,1
sidekick,1
tv,1
wheeler-dealer,1
rail,2
consign,1
book,15
dudley,2
sutton,2
bbc1,1
series,2
marks,3
steam,3
abandon,4
30,2
coincide,2
marketing,3
promote,1
network,3
southeast,1
re-style,1
film,1
locally,1
location,1
nse,3
notice,2
station,10
intermediate,1
stop,5
bures,2
wake,2
colne,3
anglian,7
publish,1
fare,2
deal,4
rolling,1
sprinter,2
diesel,1
hire,1
provincial,1
familiar,2
class,1
101,1
dmus,1
locomotive,2
withdraw,1
something,6
rarity,1
inauspicious,1
earmark,1
media,1
preview,1
substitute,1
technical,3
murmur,1
platform,1
less,2
pristine,1
replacement,1
eastern,3
dave,1
sargent,2
traveller,1
obviously,2
appearance,1
bind,1
deteriorate,1
finish,3
ever,5
improvement,1
sterling,1
useful,1
notorious,1
rattle,1
window,3
noise,7
passenger,1
quiet,1
smooth,2
ride,3
acceleration,1
comfortable,1
improved,1
heating,1
ventilation,1
capable,1
75,1
mph,2
introduction,2
journey,1
restriction,1
impose,2
track,3
operating,1
large,2
capital,2
sum,1
require,2
upgrade,1
transplant,9
boy,4
life-saving,2
doctor,1
test,3
toddler,1
rhys,7
daniels,2
soon,2
bone,5
marrow,5
two-year-old,1
epping,1
bristol,3
settle,1
specialist,3
world-first,1
tussle,1
closure,1
westminster,2
batten,1
genetic,1
disorder,2
rapidly,1
dementia,1
seven,5
no-one,1
inherited,1
five-year-old,1
sister,2
charly,1
barry,1
carmen,1
involved,1
reopen,1
millionaire,2
mohamed,1
al,1
fay,1
owner,3
harrod,1
anywhere,1
youngster,4
refer,2
unrelated,1
donor,3
dr,5
jackie,2
cornish,1
co-ordinator,1
register,1
confidentiality,1
united,4
discuss,3
arrangement,2
pattern,1
await,1
selection,1
preparation,1
six,4
intensive,2
chemotherapy,1
almost,4
entire,1
isolation,1
cubicle,1
ward,2
effective,1
overnight,1
home-from-home,1
nearby,2
fanatic,1
mastermind,5
fan,3
gavin,3
fuller,1
24,2
champion,1
fareham,1
hants,1
archivist,1
ship,2
hms,1
warrior,1
portsmouth,1
score,1
32,1
win,4
21st,1
runner-up,1
barrie,1
douce,1
23,1
commonwealth,1
crusade,1
1095–1154,1
unsuccessful,1
audition,1
1989,1
accumulate,1
re-read,1
500-strong,1
pirate,2
dj,1
hijack,2
airwave,3
one-time,1
disc,1
jockey,1
skues,3
hi-jack,1
listener,4
ray,3
anderson,8
juke,1
tendring-based,1
mellow,1
1557,1
interrupt,1
half,4
hour,5
morning,3
voice,1
veteran,1
caroline,1
anchore,1
coast,4
take-over,1
mix-up,1
supposedly,1
record,4
two-hour,1
accidentally,1
broadcast,1
live,3
reaction',1
plot,1
hatch,1
presenter,1
fox,1
whom,1
reaction,1
stunt,1
music,2
50s,1
60s,2
70s-orientated,1
one-off,1
look-out,1
gag,1
silence,2
priority,1
wrong,2
order,3
asil,1
nadir,1
labour,4
supporting,1
dweller,1
accused,1
defraud,1
dss,1
£100,1
lilley,1
scratch,2
justice.david,1
woodstock,1
pettaugh,1
drift,3
treasury,2
unusually,1
mistake,2
refusal,1
devalue,2
pound,2
sooner,3
prolonged,1
wrecked,1
finance,1
income,5
taxation,5
social,2
security,5
rose,1
matter,3
spring,1
budget,1
1992,1
investment,2
create,1
restore,1
merely,1
borrowing,1
borrow,1
"£50,000",1
promise,3
creditor,1
account,1
announce,2
grudgingly,1
accept,2
vat,2
domestic,3
fuel,3
1995,1
feel,10
mind,3
margaret,1
thatcher,1
complain,2
shout,1
loud,1
might,5
like,7
please,1
voter,1
disastrous,1
abroad,1
foreign,2
banker,1
uk,1
balance,1
reluctant,2
low,3
indeed,1
whoever,2
quickly,2
unpopular,1
mismanagement,1
none,2
colleague,1
canvas,1
electoral,1
advantage,1
further/far,2
bust,2
undertaking,1
harold,1
wilson,1
1960s,1
deliver,1
precedent,1
avoid,1
somebody,2
command,1
deserve,3
ireland,8
successive,1
eurovision,2
song,4
contest,2
victory,2
republic,1
potential,1
multi-million,1
hangover,1
celebrate,2
rule,2
38-year-old,1
oblige,1
winning,2
state-backed,1
rte,2
spectacular,3
successful,2
venue,1
specially-converted,1
showjumping,1
tiny,1
co,2
cork,2
market,6
millstreet,1
expensive,1
venture,1
enter,1
shortfall,1
liam,1
miller,1
sound,3
cautious,1
resource,2
niamh,3
kavanagh,2
25,3
dublin,1
clerk,2
eye,2
catch,1
night-long,1
celebration,2
composer,1
jimmy,2
walsh,2
nail-biting,1
moment,1
sonia,1
devil,1
scoring,1
vote,4
maltese,1
jury,1
file,1
schedule,2
fault,1
malta,1
187,1
kingdom,1
164,1
switzerland,1
148,1
121,1
sing,2
success,4
loch,1
lein,1
disease-free,3
supply,5
hybrid,2
seed,7
cure,1
sight,3
coconut,3
thanks,3
company,4
found,3
decade,2
industry,3
david,3
director,3
costa,2
rican,1
sacrac,3
palm,4
license,1
import,1
states,1
mexico,1
honduras,1
decision,2
phil,2
wisdom,1
shortage,1
source,3
demand,3
soar,1
firm,2
once,4
ex-commodity,1
broker,1
richard,3
illingworth,1
latin,1
america,1
establish,2
rica,1
1986,1
"5,000",1
malayan,1
dwarf,1
resistant,1
lethal,1
yellowing,1
achieve,1
difficult,2
persuade,2
grower,1
ivory,1
jamaica,1
seed-producing,1
nation,1
drastic,1
state,2
literally,1
stuff,1
tough,2
haul,2
pick,2
inundate,1
usa,1
mostly,1
decoration,1
florida,1
bosnian,6
muslim,4
betrayed,1
outgun,1
serb,2
croat,3
attack,3
front,4
serbs,4
peace,4
seem,5
certain,2
reject,2
powerful,1
bosnia,5
poise,1
squeeze,1
muslim-led,1
carve,1
stab,2
ally,1
croatia,1
kemal,1
muftic,1
adviser,1
alija,1
izetbegovic,1
mediator,1
lord,1
owen,1
thousands,3
peacekeeper,2
protect,1
nations-designated,1
safe,1
un,1
commander,3
philippe,1
morillon,1
insist,1
sarajevo,1
airport,1
ratko,1
mladic,1
milivoje,1
petkovic,1
sign,1
agreement,1
cease,1
truce,1
repeatedly,1
break,8
referendum,2
supposed,2
word,2
vance-owen,1
self-styled,1
parliament,2
us,1
clinton,1
dismiss,2
ploy,1
buy,3
military,2
russian,2
andrei,1
kozyrev,1
plain,1
prefer,1
thankful,1
cheep,1
ritual,1
root,1
pre-christian,1
ad,1
christian,1
quaint,1
trailer,2
sit,1
bale,1
straw,1
usually,3
god,3
blessing,1
fruit,5
reading,1
prayer,1
field,1
farmyard,1
thursday,2
ascension,2
observe,1
bodily,2
christ,1
heaven,1
well-dressing,1
adorn,1
superstition,1
sacrifice,1
content,4
saint,1
holy,1
pure,2
health-giving,1
nice,1
television,1
smell,2
perhaps,4
outspoken,1
hardly,1
read,1
paper,5
cow,2
monitor,1
really,8
biscuit,1
trouble,1
atrocious,1
killing,1
starving,1
annoy,1
kick,2
fuss,1
cockerel,1
crow,3
upset,1
neighbour,2
brother,2
townspeople,1
tired,1
listen,2
cock,2
sake,1
surely,1
sad,1
cottage,1
sorry,1
law,5
form-filling,1
relief,1
moo,1
sane,1
supermarket,2
cabbage,1
onion,1
carrot,1
egg,1
thought,1
shelf,1
planting,1
worrying,1
frost,1
pack,1
shop,11
headache,1
label,2
vegetable,3
chelsea,1
union,1
pyramid,1
imported,1
produce,2
why,2
housewife,3
tasteless,1
suppose,1
cheapness,1
mushroom,2
cheap,2
travel,1
mess,1
exhibitor,1
nursery,1
wonderful,2
stranded,1
theft,1
car,9
thief,6
virtually,1
housebound,1
crash,2
red,3
h-registration,1
rover,1
metro,1
outside,4
basil,1
whitmore,1
9.30pm,1
7.30am,1
northlands,1
approach,4
dry,3
mile,5
besides,1
smear,1
tomato,3
sauce,1
dashboard,1
middle-aged,1
pitsea,1
independently,1
fortunately,1
anxious,1
trace,1
mindless,1
laindon,1
traffic,2
crimestoppers,1
252252,1
pm,1
sell-off,1
hitlist,1
urge,4
sensational,2
list,5
private,2
mackinlay,3
crazy,1
privatise,3
existence,1
observer,1
queen,1
legislative,1
session,2
issuing,1
summons,1
prison,2
data,1
hendon,1
collection,1
candidate,1
canteen,1
endangered,1
ten-yearly,1
census,1
distribution,1
welfare,1
food,1
civil,1
teacher,3
pension,1
grant,3
insolvency,1
northern,5
breathtaking,1
fiasco,1
repugnant,1
privatisation,1
drastically,1
wane,1
mobilise,1
uniformed,1
victor,1
evening,2
quantity,1
cannabis,1
resin,1
date,2
substance,1
scientific,1
analysis,2
windsurfer,2
rescue,4
danger,3
rock,1
guinness,1
rnli,1
atlantic,4
21,1
lifeboat,2
coastguard,1
mobile,1
unhurt,1
yacht,4
giaconda,1
wait,3
refloat,2
aground,2
entrance,2
crouch,1
girl,1
royal,17
holbrook,2
ecumenical,1
chapel,1
jubilee,1
greenwich,2
marion,1
leeson,1
salute,1
naval,1
uniform,1
band,1
several,1
employ,2
rhs,1
welcome,1
chaplain,2
rev,1
kevan,1
mccormack,1
fleet,1
ven,1
bucks,1
charter,1
1694,1
1712,1
1933,1
premise,1
estate,2
gifford,1
sherman,1
reade,1
gratitude,1
safeguard,1
shipping,1
war,2
sainsbury,5
trading,2
store,4
shopper,4
adoption,1
stance,1
borough,2
obliged,1
enforce,1
existing,1
defy,2
petition,2
boreham,2
office,4
nick,1
want,7
"3,500",1
discussion,1
sell,5
volunteer,1
attract,1
"2,500",1
signature,1
toni,1
madsen,1
pressurised,1
fellow,2
suzanne,1
riddington,1
extra,1
maintain,1
household,2
kim,1
hart,2
shut,1
stupid,2
choice,2
inconvenient,1
milk,1
graham,1
gill,1
moore,2
underground,1
anyway,1
blackmore,2
representative,1
react,1
majority,1
competitor,2
freedom,1
nonsensical,1
erosion,1
regulation,1
disturbance,1
gunfight,1
murder,5
policeman,2
shoot,1
chase,2
gunman,5
shoot-out,1
chest,2
wound,7
tangled,1
probe,1
mechanic,1
craig,1
reservoir,4
sequence,1
fiancee,1
fisher,2
22,1
confront,1
parked,1
crosswood,1
lanark,1
gunshot,2
ford,1
capri,3
ms,1
inside,3
distraught,1
whitburn,1
west,2
lothian,2
flag,1
patrol,1
borders,2
pursuit,1
forth,2
lanarkshire,2
unmarked,1
tactical,1
strathclyde,1
unarmed,1
lane,3
coincidence,1
vanish,1
suddenly,4
lone,1
injured,1
stable,3
presence,1
slay,1
california,1
fresno,2
nightclub,1
kill,1
execution-style,1
outskirts,1
solo,2
teenager,3
cameron,4
springthorpe,1
single-handed,2
ardfern,1
argyll,1
experienced,1
sailor,1
offshore,1
eight,1
25ft,1
howlin',1
gael,1
voyage,2
youthful,1
equanimity,1
bit,1
sandiman,1
boat,1
planned,1
oban,1
via,1
falmouth,1
canary,1
islands,1
strike,1
bermuda,1
newport,1
rhode,1
island,1
total,2
alone,1
challenge,1
admit,2
educate,1
farmhouse,2
val,1
resourceful,1
overhaul,1
drum,1
sponsor,2
largely,2
himself,2
warm-hearted,1
lion,5
underprivileged,1
102-year-old,1
construction,2
mainline,1
berkeley,2
loco,2
1891,1
manning,1
wardle,1
logan,1
&,1
hemingway,1
contractor,1
manchester,1
marylebone,1
loan,2
ironstone,1
1963,1
purchase,1
keighley,1
valley,1
yorkshire,1
term,3
ancestor,1
penn,1
model,1
sideshow,1
steaming,1
arrange,1
donate,1
link,1
break-in,3
hunt,1
stisted,1
blue,1
peugeot,1
pick-up,2
post,1
stonehouse,1
burglary,1
grass,1
cutter,1
golf,2
householder,1
£500,1
sit-on,1
mower,2
james,5
pc,1
hurt,2
newlands,1
witham,4
badly,1
bruised,1
nose,1
broomfield,3
a12,3
hotel,3
fresh,3
submit,1
98-bedroom,1
dedham,1
permission,1
birchwood,1
lapse,1
mount,1
banking,1
corporation,1
mayfair,1
consent,1
load,3
container,1
"£4,000",1
"£7,000",1
tinned,1
springwood,1
chain,3
black,2
yamaha,1
250cc,1
motorcycle,1
registration,1
ymm,1
981t,1
£400,1
maysent,1
avenue,1
motorbike,1
"£1,300",1
cultivator,2
peverel,1
sale,1
safe-keeping,1
telephone,1
kiosk,1
£300,1
crook,1
barn,2
£300-worth,1
bakers,1
notley,2
rearing,1
broad,1
robbery,1
taxi,2
robber,2
knife,4
flee,1
empty-handed,1
cabby,2
refuse,2
aged,4
63,1
1.30pm,1
munro,1
conrad,1
grab,1
neither,1
28-year-old,1
therapy,4
unlock,2
cruel,1
phobia,2
unhappy,2
childhood,7
orwell,2
therapeutic,1
dominate,1
therapist,1
solicitor,1
self-employed,1
businesspeople,1
particular,2
employee,1
frustration,1
wish,1
employment,1
insurance,1
anxiety,1
anger,2
erupt,1
handle,1
overcome,3
woodbridge,2
shirley,3
baddeley,1
christopher,2
coulson,1
psychodynamic,1
anne,3
hudson,1
trauma,1
shane,1
smeaton,1
interested,3
gloria,6
wade,1
aftermath,1
sexual,2
abuse,2
cohen,1
dynamics,1
client,5
anything,6
linger,1
unhealed,1
haunt,1
specialise,1
psychodynamics,1
relationship,2
arise,1
understand,2
unable,2
influence,1
fear,2
tackle,1
tension,1
rowing,1
separate,1
divorce,1
bully,1
rebellion,2
depression,1
express,3
doll,6
different,1
self,1
careful,1
exploratory,1
method,2
provoke,1
ronald,1
mandy,1
female,1
angry,2
generally,1
vent,1
art,2
transfer,2
inner,3
feeling,4
tangible,2
paint,1
concept,1
theory,1
used,2
key,2
unhappiness,1
emotional,2
nourishment,1
laughter,3
develop,2
nevertheless,1
savage,1
healing,1
magic,1
crying,1
0394,1
286876,1
headquarters,1
22-year-old,1
attempted,2
critically,1
ill,2
36-year-old,1
stabbing,2
stomach,1
bailey,2
bridge,3
roy,1
dennis,3
cid,1
piller,1
undergo,1
three-hour,1
damaged,1
kidney,1
spleen,1
3.30,1
am,1
insp,2
alert,1
alleged,2
critical,1
violent,1
20-year,1
floor,1
embed,1
surgery,1
24-year-old,1
wind,3
suspicion,1
grievous,1
harm,1
injury,1
flare-up,1
witness,1
motorist,1
hit,3
altercation,1
hamburger,1
mavis,2
grandmother,2
prepare,1
50-mile,1
peddar,1
thetford,1
norfolk,1
leukaemia,2
norfolk-born,1
mckechnie,3
71,1
wissington,1
nayland,1
nephew,1
anthony,3
nolan,1
262305,1
concern,1
disconnection,4
aw,3
demonstrator,1
dignitary,1
£2.2,1
revamp,1
bocking,1
bernard,1
henderson,2
tony,1
newton,2
commit,1
beach,1
necessary,1
willing,1
increasing,1
housing,1
originally,1
depot,1
borehole,2
metre,1
"35,000",1
waterworks,1
bock,1
1912,1
extract,1
litre,1
panfield,1
mix,1
petches,1
codham,1
protester,2
keeble,1
disconnect,3
nearly,1
"2,000",1
dysentery,1
salary,3
managing,1
privatised,1
annual,1
cost,3
sainsby,1
divisional,1
refute,1
fail,2
average,1
56p,1
ofwat,2
"1,306",1
213,1
concerned,1
drenching,1
rain,8
clear,4
snowfall,1
persistent,1
48,1
non-stop,1
sandbag,1
distribute,1
lothians,1
everything,1
aa,1
roadwatch,1
pennines,1
weatherman,1
shower,7
warm,2
editor,3
ethics,3
declare,2
whitaker,5
concerning,1
marriage,2
prince,2
spoiling,2
tactic,2
sun,4
rival,1
mirror,5
serialisation,1
decisively,1
sabotage,1
circulation,1
booster,1
best-kept,1
publishing,1
secret,2
best-seller,3
well-kept,1
rush,1
overtake,1
morton,4
runaway,1
circle,1
royal-watcher,1
thinking,2
reason,2
apprentice,1
daily,2
doyen,1
correspondent,1
chronicler,1
re-establish,1
title,1
newspaperman,2
considerable,4
wrap,2
seemingly,1
transcript,1
row,1
charles,1
estranged,1
prominence,1
couple,1
brink,1
separation,1
argue,2
custody,1
suggestion,1
bugging,1
discredit,1
authenticity,1
tape,2
palace,1
denial,1
significant,2
deafening,1
damning,1
january,1
eyebrow,1
reporter,1
controversial,1
prominent,1
watcher,1
mail,1
nigel,1
dempster,1
biographer,1
holden,2
tarnished,1
crown,1
windsor,2
8,1
flame,1
debate,1
3,1
depressingly,1
undoubtedly,1
reporting,1
deferential,1
reverence,1
learn,6
current,2
style,1
countless,1
column,1
fill,1
doom-laden,1
monarchy,2
contain,1
revelation,1
collapse,1
"1,000-year-old",1
peril,1
mood,1
tabloid,4
broadsheet,1
omen,1
republican,1
gain,1
else,2
publisher,1
irony,1
commentator,1
increasingly,1
disillusion,1
disinterested,1
much-hyped,1
selling,1
exist,1
healthy,1
throne,1
spoil,1
exclusive',1
defeat,1
surprising,1
literature,1
elwyn,1
bishop,2
dixon,1
smith,1
active,1
situation,2
congratulations,1
opinion,1
locality,1
regardless,1
political,1
s,1
whitear,1
ivey,1
surrex,1
coggeshall,1
wet,2
bright,4
spell,1
central,1
cloudy,1
gradually,2
thundery,2
brighter,1
thunder,2
continuous,1
showery,2
windy,1
southerly,2
max,1
21c,1
70f,1
outlook,1
tomorrow,1
sunny,1
passage,1
southern,1
visibility,1
moderate,1
fog,1
patch,1
rough,1
reap,1
reward,2
re-train,1
re-learn,1
obstacle,3
charlotte,1
adcock,1
lesson,1
cartoon,2
poster,1
desk,1
scream,1
saleable,1
asset,1
mother,4
never,4
probably,1
identify,1
immediately,1
sheet,2
accountant,1
vet,1
nurse,1
negotiator,1
cook,1
coat,1
learner,2
prospectuse,1
helpline,1
benefit,1
counsellor,1
businesswoman,1
mature,3
returner,1
partly,1
tec,1
nationwide,1
currently,1
occupy,1
interruption,1
climate,1
update,1
expectation,1
ability,3
desire,1
earn,1
living,1
spite,1
invest,1
pathway,1
access,1
barrier,4
fold,1
financial,2
psychological,2
clare,1
hawkins,3
advisor,1
particularly,1
single,1
hardest,1
hamper,1
participate,1
impossibility,1
unless,1
fee,1
lack,3
isolate,1
recognize,1
inadequate,1
workplace,1
destroy,1
faith,1
pta,1
governor,1
enrol,1
traumatic,1
guilty,3
undermine,1
partner,1
emotionally,1
blackmail,1
clearly,1
spin-off,1
self-worth,1
self-esteem,1
actual,1
enormous,1
enhancement,1
self-belief,1
guilt,3
degree,3
41,1
carolyn,1
scott,2
full-time,1
philosophy,1
flat,1
70-year-old,1
mother-of-seven,1
admission,1
myself,3
brilliant,1
70,2
friend,1
a-level,1
tap,1
shoulder,1
single-minded,1
apologise,1
son,1
18,2
grandparent,1
awful,1
doing,1
divorced,1
mother-of-two,1
jacqueline,1
hairdresser,1
advertise,1
realize,3
dream,1
assertive,1
cv,1
yes,1
whereas,1
nothing,1
impression,1
completely,1
pretty,1
dumb,1
oomph,1
breakthrough,1
attitude,1
retraining,1
warren,1
